{
	"AWS_SECRET_KEY":"I9l2JjZss1yw26VBXWr0mjBGp9k6sRcjNWDuV5EL",
	"AWS_ACCESS_KEY":"AKIAJJOBV27RTC7GYG2Q",
	"AWS_REGION":"us-east-1",
	"A_TYPE":"prod",
	"DB_ENGINE":"postgres",
	"INSTANCE_NAME":"postgre-app-ngine-dev1",
	"DB_CLASS":"db.m4.large",
	"DB_VERSION":"10.5",
	"SIZE":200,
	"STORAGE_TYPE":"io1",
	"IOPS":2000,
	"ALLOW_MAJOR":false,
	"ALLOW_MINOR":true,
	"LICENSE_MODEL":"postgresql-license",
	"PASSWORD":"dunzen_master",
	"BACKUP_RETENTION":8,
	"BACKUP_WINDOW":"10:30-11:30",
	"NEW_NAME":"postgre-app-nginx-dev1",
	"MAINTENANCE_WINDOW":"Mon:22:00-Mon:23:15",
	"PUBLICLY_ACCESSIBLE":true,
	"OPTION_GROUP":"",
	"PORT":3306,
	"PARAMETER_GROUP":"default.postgres10",
	"VPC_SECURITY_GROUPS":["sg-609e5b14"],
	"SECURITY_GROUPS":[],
	"SUBNET":"",
	"MULTI_ZONE":false,
	"APPLY_IMD":true
}