{
	"AWS_SECRET_KEY":"I9l2JjZss1yw26VBXWr0mjBGp9k6sRcjNWDuV5EL",
	"AWS_ACCESS_KEY":"AKIAJJOBV27RTC7GYG2Q",
	"AWS_REGION":"us-east-1",
	"DB_ENGINE":"postgres",
	"INSTANCE_NAME":"postgre-app-ngine-dev1",
	"SIZE":"20",
	"PASSWORD":"dunzen_master",
	"BACKUP_RETENTION":"8",
	"BACKUP_WINDOW":"10:30-11:30",
	"NEW_NAME":"postgre-app-nginx-dev",
	"MAINTENANCE_WINDOW":"Mon:22:00-Mon:23:15",
	"PARAMETER_GROUP":"default.postgres10",
	"VPC_SECURITY_GROUPS":["sg-609e5b14"],
	"MULTI_ZONE":"no",
	"WAIT":"yes",
	"WAIT_TIMEOUT":"300",
	"APPLY_IMD":"no"
}